appliance,tip
Monitor ,Set the temperature to 3°C for optimal energy savings.
Monitor ,Avoid placing warm food in the refrigerator.
Monitor ,Ensure the door seals are tight to prevent energy loss.
Monitor ,Keep the fridge away from heat sources like ovens or windows.
Monitor ,Defrost your freezer regularly to improve efficiency.
Fan,"Clean the Fan Blades: ""Keep fan blades clean to improve efficiency and save 5-10% on power usage every day!"""
Fan,"Switch to Energy-Efficient Fan: ""Upgrade to an Energy Star-rated ceiling fan and cut your energy consumption by 50-70% in just 6-12 months."""
Fan,"Lower Fan Speed : ""Reduce your fan speed to save 10-20% on energy. Try it for 1-3 hours a day!"""
Fan,"Opt for Natural Ventilation: ""Try using windows for airflow instead of the fan. You could save 30-60% on fan energy use for 5-10 hours/day."""
Fan,"Use a Fan Instead of AC: ""Save up to 80-90% on energy by using a fan instead of air conditioning during the summer months."""
Fan,"Avoid Placing Fans Near Heat Sources: Heat sources make fans work harder, increasing energy use."
Fan,Close Windows and Doors While Using the Fan: This helps in better air circulation and cooling.
Fan,Clean and Lubricate the Motor Regularly: A well-maintained fan runs smoothly and uses less energy.
Fan,"Use a DC Motor Fan ""Switch to a DC motor fan instead of AC traditional fan for 50-70% less energy use. It’s worth the investment over 6-12 months."""
Fan,"Use Reflective Curtains or Blinds: These reduce indoor temperature, decreasing the need for continuous fan usage."
Fan,"Adjust Fan Rotation: ""Ensure your fan is rotating counterclockwise in summer to save 10-20%. Switch it up seasonally!"""
TV,"Reduce Screen Brightness: ""Lower your TV's brightness to 50% to save 20-40% on energy. Try this for 1-4 hours a day!"""
TV,"Disable Unnecessary Features: Turn off Wi-Fi, Bluetooth, and automatic updates when not in use, as they drain power."
TV,Use Dark Mode or Energy-Saving Themes: OLED and LED TVs consume less energy when displaying darker colors.
TV,"Use a Wired Connection: ""Switch to a wired connection for streaming and save 5-15% compared to using Wi-Fi."""
TV,"Turn Off TV Completely: ""Switch off your TV completely, not just in standby mode, to save 5-10% daily!"""
TV,"Disable Extra Processing Features: ""Turn off motion smoothing and extra processing to save 10-20% on your TV’s power usage."""
TV,"Switch to Energy-Efficient TV: ""Upgrade to an Energy Star-rated LED or OLED TV and save 25-50% in energy costs over the next year."""
TV,"Lower Volume & Use External Speakers: ""Save 5-10% by using external speakers instead of your TV’s built-in audio system."""
Phone charger 33W,"Unplug When Not in Use: ""Unplug your charger when not in use to save 100% on energy. It uses energy even in standby mode!"""
Phone charger 33W,"Avoid Overcharging: ""Stop charging your devices once they reach 100%. This simple step can save 5-10% on your charging costs."""
Phone charger 33W,"Charge During Off-Peak Hours: ""Charge your devices during off-peak hours (night) to avoid higher electricity rates, saving 10-15% on overall costs."""
Phone charger 33W,"Use the Right Charger for Your Device: ""Always use the charger that came with your device or a certified one to avoid inefficiency and save up to 10% on power use."""
Phone charger 33W,"Avoid Using the Device While Charging: ""When charging, avoid using your device to prevent energy drain. You could save up to 10-20% in power usage."""
Phone charger 33W,"Use USB-C Charging for Faster Efficiency: ""Use a USB-C charger for faster and more efficient charging, saving 10-15% compared to regular charging cables."""
Phone charger 33W,"Keep Chargers Cool: ""Avoid overheating your charger. A cool charger runs more efficiently and could save 5-10% in energy usage."""
Phone charger 33W,"Charge Devices in Airplane Mode: ""Charging your device in airplane mode can save 15-20% of the power it would consume in normal mode."""
Light,"Switch to LED Bulbs:""Replace incandescent bulbs with LED bulbs to save up to 80% on energy consumption and enjoy longer-lasting lighting!"""
Light,"Turn Off Lights When Not in Use: ""Turn off lights when you leave a room to save up to 10-20% of your monthly energy usage."""
Light,"Dim the Lights: ""Use dimmable bulbs and lower the brightness when full light isn't needed. This can save you 10-15% of power consumption."""
Light,"Optimize Natural Lighting: ""Take advantage of daylight! Open curtains or blinds to reduce reliance on artificial light and save up to 25% of energy usage."""
Light,"Switch to Energy-Efficient Bulbs: ""Consider energy-efficient bulbs like CFLs (Compact Fluorescent Lamps) if LEDs are not an option. These can reduce your energy use by 50-75%."""
Light,"Adjust Light Placement: ""Rearrange furniture to maximize the use of light and reduce the need for extra lighting. This could save you 5-10% on energy costs."""
Light,"Choose Appropriate Wattage: ""Choose light bulbs with the appropriate wattage for your space. Using unnecessarily high-wattage bulbs can waste 5-15% of energy."""
Light,"Regularly Clean Bulbs and Fixtures: ""Dust and dirt can reduce the brightness of your light bulbs. Cleaning bulbs and fixtures regularly can increase their efficiency and save 5-10% on energy use."""
Light,"Replace Flickering Bulbs Promptly: ""Flickering bulbs can waste energy. Replace them promptly to ensure they are working efficiently, saving you 5-10% on power consumption."""
Light,"Use Energy-Efficient Bulbs in High-Use Areas: ""Install energy-efficient lighting in high-traffic areas like kitchens and living rooms where lights are on for extended periods. This can reduce consumption by 15-30%."""
Electric iron,"Iron Larger Loads at Once: ""Instead of ironing a few items, iron a full load at once to maximize the iron’s energy usage and save up to 15% in energy."""
Electric iron,"Use the Correct Temperature: ""Adjust the iron's temperature according to the fabric you're ironing. Lower temperatures for delicate fabrics can reduce energy consumption by up to 10-20%."""
Electric iron,"Iron Clothes When Slightly Damp: ""Iron clothes while they are slightly damp for better results and less energy. This can save up to 20% on power usage."""
Electric iron,"Use Steam Wisely: ""Only use steam when necessary. Excessive steam uses more energy, so reduce the steam setting to save 5-10% on power."""
Electric iron,"Iron During Cooler Hours: ""Iron during cooler hours (like early mornings or evenings) to avoid additional strain on your air conditioning, making your energy usage more efficient overall."""
Electric iron,"Keep the Iron Clean: ""Ensure the iron’s soleplate is clean. A dirty soleplate increases friction and energy consumption. Cleaning it can reduce energy use by up to 5%."""
Electric iron,"Invest in a Steam Iron: ""A good quality steam iron may reduce your ironing time by providing better steam output, leading to energy savings of 10-15%."""
Electric iron,"Iron Quickly After Plugging In: ""Iron as soon as the iron heats up rather than waiting too long. This prevents excess heating time, saving you up to 10% on energy."""
Mixer,"Use a Low-Speed Setting When Possible: ""Blending on a low or medium speed uses less energy compared to high-speed settings. Use the lowest speed needed to reduce energy use by 10-15%."""
Mixer,"Use Shorter Blending Times: ""Blend your ingredients for the shortest time possible. Reducing blending time by just a few seconds can save you up to 10% on energy consumption."""
Mixer,"Opt for a High-Efficiency Blender: ""Invest in a high-efficiency blender with low power consumption but powerful motors. This can reduce energy usage by up to 30-40% over time."""
Mixer,"Pre-Cut Ingredients for Smoother Blending: ""Pre-cutting ingredients into smaller pieces reduces the blending time and power needed to get a smooth result. This can save you 10-20% on energy."""
Mixer,"Use Proper Blade Speed for the Task:""Choose the correct speed setting based on what you are blending. For thick ingredients, start at a low speed, then gradually increase to save energy. This can reduce power usage by 10-15%."""
Mixer,"Let Ingredients Warm to Room Temperature: ""Blending cold ingredients requires more energy. Allow items like frozen fruits to thaw slightly before blending to reduce energy use by up to 15%."""
Mixer,"Choose the Right Container Size: ""If you have a choice, use the container size that matches your blending needs. Smaller containers work more efficiently for small amounts and use 5-10% less energy."""
Mixer,"Avoid Overheating: ""Allow your blender to cool down between uses, especially after running it for a long period. Overheating can increase energy consumption by up to 10%."""
Mixer,"Keep the Blender Base Stable: ""Ensure that the blender is placed on a flat, stable surface. A wobbly or unstable base can increase motor strain, leading to 5-10% higher energy consumption."""
Washing Machine,Wash Full Loads: Maximize energy efficiency by washing full loads instead of smaller ones.
Washing Machine,Use Cold Water: Opt for cold water washes to save up to 90% of the energy used for heating water.
Washing Machine,Choose Energy-Efficient Settings: Use eco or quick-wash cycles to reduce water and energy consumption.
Washing Machine,Maintain Your Machine: Clean the lint filter and drum regularly to ensure optimal performance.
Washing Machine,Air Dry Clothes: Skip the dryer and air dry clothes to save energy.
Vacuum Cleaner,"Empty the Dust Bag/Canister: A full dust bag reduces suction power, making the vacuum work harder."
Vacuum Cleaner,Use the Right Attachments: Select the appropriate nozzle for different surfaces to improve efficiency.
Vacuum Cleaner,Clean or Replace Filters: Dirty filters reduce airflow and increase energy use.
Vacuum Cleaner,Vacuum in Straight Lines: Overlapping strokes waste time and energy.
Vacuum Cleaner,Turn Off When Not in Use: Avoid leaving the vacuum running when moving furniture or taking breaks.
Toaster,Toast Multiple Slices at Once: Use all slots to maximize efficiency.
Toaster,Adjust Browning Settings: Lower settings use less energy than darker toasting.
Toaster,Clean Crumb Tray Regularly: Built-up crumbs can reduce efficiency and pose a fire hazard.
Toaster,Unplug When Not in Use: Toasters draw standby power if left plugged in.
Kettle,Boil Only What You Need: Filling the kettle to the required level saves energy.
Kettle,Use a Thermos: Store hot water for later use instead of reboiling.
Kettle,Descale Regularly: Limescale buildup reduces heating efficiency.
Kettle,Opt for an Electric Kettle: They are more energy-efficient than stovetop kettles.
Hair brush,Use Low Heat Settings: Higher heat uses more energy; opt for cooler drying when possible.
Hair brush,Towel-Dry Hair First: Reduce drying time by removing excess water with a towel.
Hair brush,Clean the Lint Filter: A clogged filter reduces airflow and efficiency.
Hair brush,Unplug After Use: Avoid phantom energy drain.
Air-conditioner,Set Thermostat to 24-26°C: Each degree lower increases energy use by 3-5%.
Air-conditioner,"Use a Fan with AC: Fans help circulate cool air, allowing you to raise the thermostat."
Air-conditioner,Close Curtains During the Day: Block sunlight to reduce cooling load.
Air-conditioner,Regular Maintenance: Clean filters and coils monthly for optimal efficiency.
Air-conditioner,Seal Leaks: Ensure windows and doors are properly sealed to prevent cool air loss.
